<?xml version="1.0" encoding="utf-8"?>
<modification>
  <name>Copiar Opções</name>
  <code>option_copy</code>
  <version>1.0</version>
  <author>REDS</author>
  <link>htttps://www.agenciaprai.com/</link>
  
  <file path="admin/controller/catalog/product.php">
    <operation>
      <search><![CDATA[
      $data['delete'] = $this->url->link('catalog/product/delete', 'user_token=' . $this->session->data['user_token'] . $url, true);
      ]]></search>
      <add position="after"><![CDATA[
      $data['copy_option'] = $this->url->link('extension/module/copy_product_options', 'user_token=' . $this->session->data['user_token'] . '&type=module', true);
      ]]></add>
    </operation>
  </file>
  <file path="admin/view/template/catalog/product_list.twig">
    <operation>
      <search><![CDATA[
      <a href="{{ add }}" data-toggle="tooltip" title="{{ button_add }}" class="btn btn-primary"><i class="fa fa-plus"></i></a>]]></search>
      <add position="after"><![CDATA[
      <a href="{{ copy_option }}" data-toggle="tooltip" title="Copiar opções" class="btn btn-primary"><i class="fa fa-compress"></i></a>
      ]]></add>
    </operation>
  </file>
</modification>